{"chunk_definitions":[{"chunk_id":"csetup_chunk","chunk_label":"setup","document_id":"C34822FC","expansion_state":0,"options":{"engine":"r","include":false,"label":"setup"},"row":23,"row_count":1,"visible":true},{"chunk_id":"cz6vfp24bgovt","chunk_label":"unnamed-chunk-44","document_id":"9B412DBE","expansion_state":0,"options":{"engine":"r","label":"unnamed-chunk-16"},"row":694,"row_count":1,"visible":true}],"default_chunk_options":{"echo":true,"error":false,"fig.align":"center","message":false,"warning":false},"doc_write_time":1550858164,"working_dir":null}